{
  "posts": [
    {
      "userId": 1,
      "id": 1,
      "title": "Instituto Duoc: Una Institución Educativa de Excelencia",
      "body": "El Instituto Duoc se ha destacado por ofrecer una educación de calidad en diversas áreas del conocimiento. Sus programas académicos son altamente valorados por estudiantes y empleadores por igual."
    },
    {
      "userId": 1,
      "id": 2,
      "title": "Carrera de Ingeniería en Informática en el Instituto Duoc",
      "body": "Si te apasiona la tecnología, la carrera de Ingeniería en Informática en el Instituto Duoc es una excelente opción. Aprenderás las habilidades necesarias para destacarte en el campo de la informática."
    },
    {
      "userId": 2,
      "id": 3,
      "title": "Experiencia de un Estudiante en el Instituto Duoc",
      "body": "Como estudiante del Instituto Duoc, he tenido la oportunidad de participar en proyectos emocionantes y adquirir conocimientos prácticos que me preparan para el mundo laboral."
    },
    {
      "userId": 2,
      "id": 4,
      "title": "Programas de Investigación en el Instituto Duoc",
      "body": "El Instituto Duoc promueve la investigación en diversas áreas. Sus programas de investigación han contribuido significativamente al avance del conocimiento en campos como la ciencia y la tecnología."
    },
    {
      "userId": 3,
      "id": 5,
      "title": "Desarrollo de Habilidades en el Instituto Duoc",
      "body": "En el Instituto Duoc, no solo adquieres conocimientos teóricos, sino que también desarrollas habilidades prácticas que te ayudarán a destacarte en tu carrera profesional."
    },
    {
      "userId": 3,
      "id": 6,
      "title": "Innovación y Emprendimiento en el Instituto Duoc",
      "body": "El Instituto Duoc fomenta la innovación y el espíritu emprendedor entre sus estudiantes. Muchos de sus graduados han creado empresas exitosas."
    },
    {
      "userId": 4,
      "id": 7,
      "title": "Instituto Duoc: Comprometido con la Educación de Calidad",
      "body": "El Instituto Duoc se enorgullece de ofrecer una educación de calidad que prepara a los estudiantes para enfrentar los desafíos del mundo actual."
    },
    {
      "userId": 4,
      "id": 8,
      "title": "Egresados Exitosos del Instituto Duoc",
      "body": "Muchos egresados del Instituto Duoc han logrado alcanzar el éxito en sus carreras y contribuir positivamente a la sociedad."
    },
    {
      "userId": 5,
      "id": 9,
      "title": "Estudiar en el Instituto Duoc: Una Experiencia Transformadora",
      "body": "La experiencia de estudiar en el Instituto Duoc puede transformar tu vida y brindarte las herramientas necesarias para alcanzar tus metas profesionales."
    },
    {
      "userId": 5,
      "id": 10,
      "title": "Instituto Duoc: Compromiso con la Excelencia Académica",
      "body": "La excelencia académica es una prioridad en el Instituto Duoc. Sus programas están diseñados para brindar una formación de alto nivel."
    },
    {
      "userId": 6,
      "id": 11,
      "title": "Oportunidades de Estudio en el Instituto Duoc",
      "body": "El Instituto Duoc ofrece una amplia gama de oportunidades de estudio en diversas disciplinas. Encuentra el programa que se adapte a tus intereses y metas."
    },
    {
      "userId": 6,
      "id": 12,
      "title": "Instituto Duoc: Compromiso con la Comunidad",
      "body": "El Instituto Duoc está comprometido con la comunidad y realiza actividades de servicio social para contribuir al bienestar de la sociedad."
    },
    {
      "userId": 7,
      "id": 13,
      "title": "Aprendizaje en Línea en el Instituto Duoc",
      "body": "El Instituto Duoc ofrece opciones de aprendizaje en línea para aquellos que desean flexibilidad en sus estudios. Aprovecha la tecnología para tu formación académica."
    },
    {
      "userId": 7,
      "id": 14,
      "title": "Apoyo Académico en el Instituto Duoc",
      "body": "El Instituto Duoc brinda apoyo académico a sus estudiantes para garantizar su éxito en sus estudios. Tutores y recursos están disponibles para ayudarte en tu camino."
    },
    {
      "userId": 8,
      "id": 15,
      "title": "Instituto Duoc: Forjando el Futuro de la Educación",
      "body": "El Instituto Duoc está a la vanguardia de la educación superior y sigue forjando el futuro de la educación a través de la innovación y la excelencia."
    }
  ],
  "users": [
    {
      "id": 1,
      "name": "Leanne Graham",
      "username": "Bret",
      "email": "Sincere@april.biz",
      "address": {
        "street": "Kulas Light",
        "suite": "Apt. 556",
        "city": "Gwenborough",
        "zipcode": "92998-3874",
        "geo": {
          "lat": "-37.3159",
          "lng": "81.1496"
        }
      },
      "phone": "1-770-736-8031 x56442",
      "website": "hildegard.org",
      "company": {
        "name": "Romaguera-Crona",
        "catchPhrase": "Multi-layered client-server neural-net",
        "bs": "harness real-time e-markets"
      }
    },
    {
      "id": 2,
      "name": "Ervin Howell",
      "username": "Antonette",
      "email": "Shanna@melissa.tv",
      "address": {
        "street": "Victor Plains",
        "suite": "Suite 879",
        "city": "Wisokyburgh",
        "zipcode": "90566-7771",
        "geo": {
          "lat": "-43.9509",
          "lng": "-34.4618"
        }
      },
      "phone": "010-692-6593 x09125",
      "website": "anastasia.net",
      "company": {
        "name": "Deckow-Crist",
        "catchPhrase": "Proactive didactic contingency",
        "bs": "synergize scalable supply-chains"
      }
    },
    {
      "id": 3,
      "name": "Clementine Bauch",
      "username": "Samantha",
      "email": "Nathan@yesenia.net",
      "address": {
        "street": "Douglas Extension",
        "suite": "Suite 847",
        "city": "McKenziehaven",
        "zipcode": "59590-4157",
        "geo": {
          "lat": "-68.6102",
          "lng": "-47.0653"
        }
      },
      "phone": "1-463-123-4447",
      "website": "ramiro.info",
      "company": {
        "name": "Romaguera-Jacobson",
        "catchPhrase": "Face to face bifurcated interface",
        "bs": "e-enable strategic applications"
      }
    },
    {
      "id": 4,
      "name": "Patricia Lebsack",
      "username": "Karianne",
      "email": "Julianne.OConner@kory.org",
      "address": {
        "street": "Hoeger Mall",
        "suite": "Apt. 692",
        "city": "South Elvis",
        "zipcode": "53919-4257",
        "geo": {
          "lat": "29.4572",
          "lng": "-164.2990"
        }
      },
      "phone": "493-170-9623 x156",
      "website": "kale.biz",
      "company": {
        "name": "Robel-Corkery",
        "catchPhrase": "Multi-tiered zero tolerance productivity",
        "bs": "transition cutting-edge web services"
      }
    },
    {
      "id": 5,
      "name": "Chelsey Dietrich",
      "username": "Kamren",
      "email": "Lucio_Hettinger@annie.ca",
      "address": {
        "street": "Skiles Walks",
        "suite": "Suite 351",
        "city": "Roscoeview",
        "zipcode": "33263",
        "geo": {
          "lat": "-31.8129",
          "lng": "62.5342"
        }
      },
      "phone": "(254)954-1289",
      "website": "demarco.info",
      "company": {
        "name": "Keebler LLC",
        "catchPhrase": "User-centric fault-tolerant solution",
        "bs": "revolutionize end-to-end systems"
      }
    },
    {
      "id": 6,
      "name": "Mrs. Dennis Schulist",
      "username": "Leopoldo_Corkery",
      "email": "Karley_Dach@jasper.info",
      "address": {
        "street": "Norberto Crossing",
        "suite": "Apt. 950",
        "city": "South Christy",
        "zipcode": "23505-1337",
        "geo": {
          "lat": "-71.4197",
          "lng": "71.7478"
        }
      },
      "phone": "1-477-935-8478 x6430",
      "website": "ola.org",
      "company": {
        "name": "Considine-Lockman",
        "catchPhrase": "Synchronised bottom-line interface",
        "bs": "e-enable innovative applications"
      }
    },
    {
      "id": 7,
      "name": "Kurtis Weissnat",
      "username": "Elwyn.Skiles",
      "email": "Telly.Hoeger@billy.biz",
      "address": {
        "street": "Rex Trail",
        "suite": "Suite 280",
        "city": "Howemouth",
        "zipcode": "58804-1099",
        "geo": {
          "lat": "24.8918",
          "lng": "21.8984"
        }
      },
      "phone": "210.067.6132",
      "website": "elvis.io",
      "company": {
        "name": "Johns Group",
        "catchPhrase": "Configurable multimedia task-force",
        "bs": "generate enterprise e-tailers"
      }
    },
    {
      "id": 8,
      "name": "Nicholas Runolfsdottir V",
      "username": "Maxime_Nienow",
      "email": "Sherwood@rosamond.me",
      "address": {
        "street": "Ellsworth Summit",
        "suite": "Suite 729",
        "city": "Aliyaview",
        "zipcode": "45169",
        "geo": {
          "lat": "-14.3990",
          "lng": "-120.7677"
        }
      },
      "phone": "586.493.6943 x140",
      "website": "jacynthe.com",
      "company": {
        "name": "Abernathy Group",
        "catchPhrase": "Implemented secondary concept",
        "bs": "e-enable extensible e-tailers"
      }
    },
    {
      "id": 9,
      "name": "Glenna Reichert",
      "username": "Delphine",
      "email": "Chaim_McDermott@dana.io",
      "address": {
        "street": "Dayna Park",
        "suite": "Suite 449",
        "city": "Bartholomebury",
        "zipcode": "76495-3109",
        "geo": {
          "lat": "24.6463",
          "lng": "-168.8889"
        }
      },
      "phone": "(775)976-6794 x41206",
      "website": "conrad.com",
      "company": {
        "name": "Yost and Sons",
        "catchPhrase": "Switchable contextually-based project",
        "bs": "aggregate real-time technologies"
      }
    },
    {
      "id": 10,
      "name": "Clementina DuBuque",
      "username": "Moriah.Stanton",
      "email": "Rey.Padberg@karina.biz",
      "address": {
        "street": "Kattie Turnpike",
        "suite": "Suite 198",
        "city": "Lebsackbury",
        "zipcode": "31428-2261",
        "geo": {
          "lat": "-38.2386",
          "lng": "57.2232"
        }
      },
      "phone": "024-648-3804",
      "website": "ambrose.net",
      "company": {
        "name": "Hoeger LLC",
        "catchPhrase": "Centralized empowering task-force",
        "bs": "target end-to-end models"
      }
    }
  ]
}